<wpml-config>
    <admin-texts>
        <key name="theme_mods_oceanwp">
            <key name="ocean_footer_copyright_text" />
            <key name="ocean_top_bar_content" />
            <key name="ocean_after_header_content" />
            <key name="ocean_mobile_menu_text" />
            <key name="ocean_mobile_menu_close_text" />
            <key name="ocean_mobile_menu_close_btn_text" />
            <key name="ocean_woo_menu_icon_custom_link" />
            <key name="ocean_blog_infinite_scroll_last_text" />
            <key name="ocean_blog_infinite_scroll_error_text" />
            <key name="ocean_woo_off_canvas_filter_text" />
            <key name="ocean_woo_infinite_scroll_last_text" />
            <key name="ocean_woo_infinite_scroll_error_text" />
            <key name="ocean_top_bar_template" />
            <key name="ocean_top_bar_social_alt_template" />
            <key name="ocean_vertical_header_template" />
            <key name="ocean_vertical_header_bottom_template" />
            <key name="ocean_header_template" />
            <key name="ocean_menu_social_template" />
            <key name="ocean_footer_widgets_template" />
            <key name="ocean_error_page_template" />
            <key name="oss_social_share_heading" />
            <key name="ocn_content" />
            <key name="ocn_button_text" />
            <key name="ofc_callout_text" />
            <key name="ofc_callout_button_url" />
            <key name="ofc_callout_button_txt" />
            <key name="opl_popup_login_logged_in_custom" />
            <key name="opl_popup_login_text" />
            <key name="opl_popup_logout_text" />
            <key name="opl_popup_logout_url" />
            <key name="opl_popup_login_text_title" />
            <key name="opl_popup_login_text_content" />
            <key name="opl_popup_register_text_title" />
            <key name="opl_popup_register_text_content" />
            <key name="opl_popup_lost_password_text_title" />
            <key name="opl_popup_lost_password_text_content" />
            <key name="osp_side_panel_open_btn_text" />
            <key name="osp_close_button_text" />
            <key name="osp_close_button_text" />
            <key name="osf_text" />
            <key name="owp_popup_title_text" />
            <key name="owp_popup_content" />
            <key name="owp_popup_continue_btn_text" />
            <key name="owp_popup_cart_btn_text" />
            <key name="owp_popup_bottom_text" />
        </key>
    </admin-texts>
</wpml-config>